Audiofile,start,end,class
file1.wav,0.0,0.05,background
file1.wav,0.05,6.32,foreground
file1.wav,6.32,6.35,background
file1.wav,6.35,11.35,foreground
file1.wav,11.35,11.41,background
file1.wav,11.41,56.26,foreground
file1.wav,56.26,56.3,background
file1.wav,56.3,56.54,foreground
file1.wav,56.54,56.55,background
file1.wav,56.55,56.58,foreground
file1.wav,56.58,56.59,background
file1.wav,56.59,73.18,foreground
file1.wav,73.18,73.27,background
file1.wav,73.27,77.36,foreground
file1.wav,77.36,77.38,background
file1.wav,77.38,84.95,foreground
file1.wav,84.95,85.03,background
file1.wav,85.03,85.09,foreground
file1.wav,85.09,85.18,background
file1.wav,85.18,86.55,foreground
file1.wav,86.55,86.57,background
file1.wav,86.57,86.78,foreground
file1.wav,86.78,86.81,background
file1.wav,86.81,90.12,foreground
file1.wav,90.12,90.23,background
file1.wav,90.23,90.32,foreground
file1.wav,90.32,90.33,background
file1.wav,90.33,95.63,foreground
file1.wav,95.63,95.66,background
file1.wav,95.66,97.12,foreground
file1.wav,97.12,97.14,background
file1.wav,97.14,97.53,foreground
file1.wav,97.53,97.56,background
file1.wav,97.56,97.66,foreground
file1.wav,97.66,97.67,background
file1.wav,97.67,97.79,foreground
file1.wav,97.79,98.07,background
file1.wav,98.07,100.88,foreground
file1.wav,100.88,100.99,background
file1.wav,100.99,103.68,foreground
file1.wav,103.68,103.71,background
file1.wav,103.71,104.68,foreground
file1.wav,104.68,104.71,background
file1.wav,104.71,107.33,foreground
file1.wav,107.33,107.35,background
file1.wav,107.35,107.36,foreground
file1.wav,107.36,107.43,background
file1.wav,107.43,108.33,foreground
file1.wav,108.33,108.43,background
file1.wav,108.43,108.46,foreground
file1.wav,108.46,108.47,background
file1.wav,108.47,109.51,foreground
file1.wav,109.51,109.54,background
file1.wav,109.54,110.26,foreground
file1.wav,110.26,110.27,background
file1.wav,110.27,111.23,foreground
file1.wav,111.23,111.35,background
file1.wav,111.35,111.4,foreground
file1.wav,111.4,111.41,background
file1.wav,111.41,113.49,foreground
file1.wav,113.49,113.52,background
file1.wav,113.52,118.23,foreground
file1.wav,118.23,118.24,background
file1.wav,118.24,130.88,foreground
file1.wav,130.88,130.92,background
file1.wav,130.92,130.96,foreground
file1.wav,130.96,130.99,background
file1.wav,130.99,151.14,foreground
file1.wav,151.14,151.19,background
file1.wav,151.19,156.0,foreground
file1.wav,156.0,156.03,background
file1.wav,156.03,157.53,foreground
file1.wav,157.53,157.54,background
file1.wav,157.54,159.26,foreground
file1.wav,159.26,159.27,background
file1.wav,159.27,165.06,foreground
file1.wav,165.06,165.12,background
file1.wav,165.12,165.15,foreground
file1.wav,165.15,165.18,background
file1.wav,165.18,169.25,foreground
file1.wav,169.25,169.3,background
file1.wav,169.3,169.31,foreground
file1.wav,169.31,169.34,background
file1.wav,169.34,169.37,foreground
file1.wav,169.37,169.38,background
file1.wav,169.38,171.3,foreground
file1.wav,171.3,171.33,background
file1.wav,171.33,171.41,foreground
file1.wav,171.41,171.44,background
file1.wav,171.44,171.66,foreground
file1.wav,171.66,171.67,background
file1.wav,171.67,171.68,foreground
file1.wav,171.68,171.74,background
file1.wav,171.74,171.78,foreground
file1.wav,171.78,171.8,background
file1.wav,171.8,171.81,foreground
file1.wav,171.81,171.82,background
file1.wav,171.82,172.4,foreground
file1.wav,172.4,172.47,background
file1.wav,172.47,172.58,foreground
file1.wav,172.58,172.59,background
file1.wav,172.59,172.6,foreground
file1.wav,172.6,172.67,background
file1.wav,172.67,173.4,foreground
file1.wav,173.4,173.43,background
file1.wav,173.43,175.91,foreground
file1.wav,175.91,175.94,background
file1.wav,175.94,176.03,foreground
file1.wav,176.03,176.05,background
file1.wav,176.05,176.56,foreground
file1.wav,176.56,176.59,background
file1.wav,176.59,176.79,foreground
file1.wav,176.79,176.8,background
file1.wav,176.8,179.87,foreground
file1.wav,179.87,179.88,background
file1.wav,179.88,184.75,foreground
file1.wav,184.75,184.81,background
file1.wav,184.81,202.97,foreground
file1.wav,202.97,203.05,background
file1.wav,203.05,214.55,foreground
file1.wav,214.55,214.64,background
file1.wav,214.64,221.11,foreground
file1.wav,221.11,221.12,background
file1.wav,221.12,234.64,foreground
file1.wav,234.64,234.69,background
file1.wav,234.69,302.05,foreground
file1.wav,302.05,302.07,background
file1.wav,302.07,303.48,foreground
file1.wav,303.48,303.52,background
file1.wav,303.52,305.82,foreground
file1.wav,305.82,305.84,background
file1.wav,305.84,305.85,foreground
file1.wav,305.85,305.86,background
file1.wav,305.86,310.75,foreground
file1.wav,310.75,310.78,background
file1.wav,310.78,322.18,foreground
file1.wav,322.18,322.23,background
file1.wav,322.23,381.73,foreground
file1.wav,381.73,381.83,background
file1.wav,381.83,383.7,foreground
file1.wav,383.7,383.71,background
file1.wav,383.71,383.72,foreground
file1.wav,383.72,383.77,background
file1.wav,383.77,383.82,foreground
file1.wav,383.82,383.86,background
file1.wav,383.86,383.9,foreground
file1.wav,383.9,383.92,background
file1.wav,383.92,387.16,foreground
file1.wav,387.16,387.29,background
file1.wav,387.29,388.53,foreground
file1.wav,388.53,388.56,background
file1.wav,388.56,389.11,foreground
file1.wav,389.11,389.16,background
file1.wav,389.16,389.44,foreground
file1.wav,389.44,389.51,background
file1.wav,389.51,389.57,foreground
file1.wav,389.57,389.59,background
file1.wav,389.59,390.23,foreground
file1.wav,390.23,390.28,background
file1.wav,390.28,390.41,foreground
file1.wav,390.41,390.51,background
file1.wav,390.51,390.52,foreground
file1.wav,390.52,390.57,background
file1.wav,390.57,409.69,foreground
file1.wav,409.69,409.7,background
file1.wav,409.7,419.95,foreground
file1.wav,419.95,420.03,background
file1.wav,420.03,471.05,foreground
file1.wav,471.05,471.07,background
file1.wav,471.07,514.59,foreground
file1.wav,514.59,514.61,background
file1.wav,514.61,514.62,foreground
file1.wav,514.62,514.67,background
file1.wav,514.67,514.86,foreground
file1.wav,514.86,514.91,background
file1.wav,514.91,554.55,foreground
file1.wav,554.55,554.59,background
file1.wav,554.59,555.16,foreground
file1.wav,555.16,555.25,background
file1.wav,555.25,555.79,foreground
file1.wav,555.79,555.89,background
file1.wav,555.89,556.54,foreground
file1.wav,556.54,556.69,background
file1.wav,556.69,673.26,foreground
file1.wav,673.26,673.28,background
file1.wav,673.28,696.17,foreground
file1.wav,696.17,696.18,background
file1.wav,696.18,803.27,foreground
file1.wav,803.27,803.34,background
file1.wav,803.34,803.76,foreground
file1.wav,803.76,803.77,background
file1.wav,803.77,806.44,foreground
file1.wav,806.44,806.48,background
file1.wav,806.48,806.6,foreground
file1.wav,806.6,806.65,background
file1.wav,806.65,815.39,foreground
file1.wav,815.39,815.43,background
file1.wav,815.43,847.08,foreground
file1.wav,847.08,847.09,background
file1.wav,847.09,847.43,foreground
file1.wav,847.43,847.51,background
file1.wav,847.51,847.52,foreground
file1.wav,847.52,847.53,background
file1.wav,847.53,847.54,foreground
file1.wav,847.54,847.67,background
file1.wav,847.67,850.79,foreground
file1.wav,850.79,850.84,background
file1.wav,850.84,850.85,foreground
file1.wav,850.85,850.86,background
file1.wav,850.86,852.27,foreground
file1.wav,852.27,852.29,background
file1.wav,852.29,852.36,foreground
file1.wav,852.36,852.37,background
file1.wav,852.37,852.98,foreground
file1.wav,852.98,852.99,background
file1.wav,852.99,853.11,foreground
file1.wav,853.11,853.14,background
file1.wav,853.14,859.77,foreground
file1.wav,859.77,859.82,background
file1.wav,859.82,860.01,foreground
file1.wav,860.01,860.27,background
file1.wav,860.27,861.41,foreground
file1.wav,861.41,861.45,background
file1.wav,861.45,862.24,foreground
file1.wav,862.24,862.44,background
file1.wav,862.44,865.59,foreground
file1.wav,865.59,865.62,background
file1.wav,865.62,867.86,foreground
file1.wav,867.86,867.92,background
file1.wav,867.92,882.37,foreground
file1.wav,882.37,882.5,background
file1.wav,882.5,921.08,foreground
file1.wav,921.08,921.12,background
file1.wav,921.12,933.87,foreground
file1.wav,933.87,933.94,background
file1.wav,933.94,949.9,foreground
file1.wav,949.9,950.07,background
file1.wav,950.07,951.1,foreground
file1.wav,951.1,951.11,background
file1.wav,951.11,951.79,foreground
file1.wav,951.79,951.86,background
file1.wav,951.86,951.91,foreground
file1.wav,951.91,951.94,background
file1.wav,951.94,983.09,foreground
file1.wav,983.09,983.1,background
file1.wav,983.1,983.11,foreground
file1.wav,983.11,983.12,background
file1.wav,983.12,1051.56,foreground
file1.wav,1051.56,1051.57,background
file1.wav,1051.57,1074.92,foreground
file1.wav,1074.92,1074.93,background
file1.wav,1074.93,1084.8,foreground
file1.wav,1084.8,1084.85,background
file1.wav,1084.85,1101.72,foreground
file1.wav,1101.72,1101.73,background
file1.wav,1101.73,1101.74,foreground
file1.wav,1101.74,1101.77,background
file1.wav,1101.77,1101.78,foreground
file1.wav,1101.78,1101.79,background
file1.wav,1101.79,1117.09,foreground
file1.wav,1117.09,1117.23,background
file1.wav,1117.23,1117.29,foreground
file1.wav,1117.29,1117.31,background
file1.wav,1117.31,1138.22,foreground
file1.wav,1138.22,1138.23,background
file1.wav,1138.23,1139.98,foreground
file1.wav,1139.98,1140.02,background
file1.wav,1140.02,1146.75,foreground
file1.wav,1146.75,1146.76,background
file1.wav,1146.76,1223.88,foreground
file1.wav,1223.88,1223.91,background
file1.wav,1223.91,1259.01,foreground
file1.wav,1259.01,1259.02,background
file1.wav,1259.02,1264.37,foreground
file1.wav,1264.37,1264.4,background
file1.wav,1264.4,1279.89,foreground
file1.wav,1279.89,1279.9,background
file1.wav,1279.9,1303.12,foreground
file1.wav,1303.12,1303.21,background
file1.wav,1303.21,1330.36,foreground
file1.wav,1330.36,1330.39,background
file1.wav,1330.39,1331.23,foreground
file1.wav,1331.23,1331.27,background
file1.wav,1331.27,1383.34,foreground
file1.wav,1383.34,1383.39,background
file1.wav,1383.39,1397.36,foreground
file1.wav,1397.36,1397.37,background
file1.wav,1397.37,1430.5,foreground
file1.wav,1430.5,1430.68,background
file1.wav,1430.68,1430.9,foreground
file1.wav,1430.9,1430.92,background
file1.wav,1430.92,1439.69,foreground
file1.wav,1439.69,1439.76,background
file1.wav,1439.76,1444.96,foreground
file1.wav,1444.96,1444.97,background
file1.wav,1444.97,1451.54,foreground
file1.wav,1451.54,1451.57,background
file1.wav,1451.57,1451.65,foreground
file1.wav,1451.65,1451.66,background
file1.wav,1451.66,1452.25,foreground
file1.wav,1452.25,1452.34,background
file1.wav,1452.34,1487.65,foreground
file1.wav,1487.65,1487.68,background
file1.wav,1487.68,1513.71,foreground
file1.wav,1513.71,1513.82,background
file1.wav,1513.82,1516.22,foreground
file1.wav,1516.22,1516.23,background
file1.wav,1516.23,1516.25,foreground
file1.wav,1516.25,1516.27,background
file1.wav,1516.27,1519.29,foreground
file1.wav,1519.29,1519.43,background
file1.wav,1519.43,1519.81,foreground
file1.wav,1519.81,1520.01,background
file1.wav,1520.01,1544.94,foreground
file1.wav,1544.94,1544.99,background
file1.wav,1544.99,1557.89,foreground
file1.wav,1557.89,1558.01,background
file1.wav,1558.01,1558.65,foreground
file1.wav,1558.65,1558.66,background
file1.wav,1558.66,1558.67,foreground
file1.wav,1558.67,1558.68,background
file1.wav,1558.68,1558.69,foreground
file1.wav,1558.69,1558.7,background
file1.wav,1558.7,1558.71,foreground
file1.wav,1558.71,1558.78,background
file1.wav,1558.78,1579.2,foreground
file1.wav,1579.2,1579.23,background
file1.wav,1579.23,1579.91,foreground
file1.wav,1579.91,1579.96,background
file1.wav,1579.96,1580.99,foreground
file1.wav,1580.99,1581.04,background
file1.wav,1581.04,1623.69,foreground
file1.wav,1623.69,1623.74,background
file1.wav,1623.74,1623.75,foreground
file1.wav,1623.75,1623.76,background
file1.wav,1623.76,1692.79,foreground
file1.wav,1692.79,1692.88,background
file1.wav,1692.88,1702.0,foreground
file1.wav,1702.0,1702.06,background
file1.wav,1702.06,1705.29,foreground
file1.wav,1705.29,1705.48,background
file1.wav,1705.48,1728.57,foreground
file1.wav,1728.57,1728.6,background
file1.wav,1728.6,1765.39,foreground
file1.wav,1765.39,1765.53,background
file1.wav,1765.53,1784.84,foreground
file1.wav,1784.84,1784.86,background
file1.wav,1784.86,1791.78,foreground
file1.wav,1791.78,1791.83,background
file1.wav,1791.83,1828.63,foreground
file1.wav,1828.63,1828.66,background
file1.wav,1828.66,1851.26,foreground
file1.wav,1851.26,1851.29,background
file1.wav,1851.29,1852.08,foreground
file1.wav,1852.08,1852.09,background
file1.wav,1852.09,1852.1,foreground
file1.wav,1852.1,1852.11,background
file1.wav,1852.11,1852.12,foreground
file1.wav,1852.12,1852.13,background
file1.wav,1852.13,1853.3,foreground
file1.wav,1853.3,1853.33,background
file1.wav,1853.33,1853.44,foreground
file1.wav,1853.44,1853.48,background
file1.wav,1853.48,1854.05,foreground
file1.wav,1854.05,1854.12,background
file1.wav,1854.12,1935.57,foreground
file1.wav,1935.57,1935.59,background
file1.wav,1935.59,1936.69,foreground
file1.wav,1936.69,1936.73,background
file1.wav,1936.73,2005.58,foreground
file1.wav,2005.58,2005.6,background
file1.wav,2005.6,2005.61,foreground
file1.wav,2005.61,2005.62,background
file1.wav,2005.62,2038.61,foreground
file1.wav,2038.61,2038.64,background
file1.wav,2038.64,2069.25,foreground
file1.wav,2069.25,2069.39,background
file1.wav,2069.39,2107.99,foreground
file1.wav,2107.99,2108.07,background
file1.wav,2108.07,2148.64,foreground
file1.wav,2148.64,2148.68,background
file1.wav,2148.68,2235.05,foreground
file1.wav,2235.05,2235.1,background
file1.wav,2235.1,2260.91,foreground
file1.wav,2260.91,2260.95,background
file1.wav,2260.95,2325.16,foreground
file1.wav,2325.16,2325.26,background
file1.wav,2325.26,2325.27,foreground
file1.wav,2325.27,2325.29,background
file1.wav,2325.29,2325.3,foreground
file1.wav,2325.3,2325.33,background
file1.wav,2325.33,2325.34,foreground
file1.wav,2325.34,2325.35,background
file1.wav,2325.35,2386.02,foreground
file1.wav,2386.02,2386.07,background
file1.wav,2386.07,2393.4,foreground
file1.wav,2393.4,2393.43,background
file1.wav,2393.43,2421.71,foreground
file1.wav,2421.71,2421.78,background
file1.wav,2421.78,2436.19,foreground
file1.wav,2436.19,2436.22,background
file1.wav,2436.22,2500.6,foreground
file1.wav,2500.6,2500.61,background
file1.wav,2500.61,2534.07,foreground
file1.wav,2534.07,2534.09,background
file1.wav,2534.09,2551.61,foreground
file1.wav,2551.61,2551.66,background
file1.wav,2551.66,2551.88,foreground
file1.wav,2551.88,2551.92,background
file1.wav,2551.92,2561.65,foreground
file1.wav,2561.65,2561.69,background
file1.wav,2561.69,2562.0,foreground
file1.wav,2562.0,2562.03,background
file1.wav,2562.03,2588.38,foreground
file1.wav,2588.38,2588.44,background
file1.wav,2588.44,2665.92,foreground
file1.wav,2665.92,2665.99,background
file1.wav,2665.99,2666.04,foreground
file1.wav,2666.04,2666.14,background
file1.wav,2666.14,2721.14,foreground
file1.wav,2721.14,2721.15,background
file1.wav,2721.15,2725.15,foreground
file1.wav,2725.15,2725.16,background
file1.wav,2725.16,2776.89,foreground
file1.wav,2776.89,2776.95,background
file1.wav,2776.95,2777.04,foreground
file1.wav,2777.04,2777.06,background
file1.wav,2777.06,2777.07,foreground
file1.wav,2777.07,2777.09,background
file1.wav,2777.09,2785.9,foreground
file1.wav,2785.9,2785.98,background
file1.wav,2785.98,2787.08,foreground
file1.wav,2787.08,2787.09,background
file1.wav,2787.09,2808.51,foreground
file1.wav,2808.51,2808.53,background
file1.wav,2808.53,2860.44,foreground
file1.wav,2860.44,2860.47,background
file1.wav,2860.47,2864.19,foreground
file1.wav,2864.19,2864.24,background
file1.wav,2864.24,2954.97,foreground
file1.wav,2954.97,2954.98,background
file1.wav,2954.98,2955.0,foreground
file1.wav,2955.0,2955.05,background
file1.wav,2955.05,3020.08,foreground
file1.wav,3020.08,3020.14,background
file1.wav,3020.14,3026.09,foreground
file1.wav,3026.09,3026.1,background
file1.wav,3026.1,3026.11,foreground
file1.wav,3026.11,3026.13,background
file1.wav,3026.13,3101.02,foreground
file1.wav,3101.02,3101.08,background
file1.wav,3101.08,3130.82,foreground
file1.wav,3130.82,3130.88,background
file1.wav,3130.88,3131.18,foreground
file1.wav,3131.18,3131.21,background
file1.wav,3131.21,3131.52,foreground
file1.wav,3131.52,3131.65,background
file1.wav,3131.65,3131.66,foreground
file1.wav,3131.66,3131.67,background
file1.wav,3131.67,3152.16,foreground
file1.wav,3152.16,3152.26,background
file1.wav,3152.26,3160.62,foreground
file1.wav,3160.62,3160.64,background
file1.wav,3160.64,3160.72,foreground
file1.wav,3160.72,3160.74,background
file1.wav,3160.74,3160.75,foreground
file1.wav,3160.75,3160.77,background
file1.wav,3160.77,3163.47,foreground
file1.wav,3163.47,3163.48,background
file1.wav,3163.48,3163.63,foreground
file1.wav,3163.63,3163.67,background
file1.wav,3163.67,3165.86,foreground
file1.wav,3165.86,3165.89,background
file1.wav,3165.89,3168.77,foreground
file1.wav,3168.77,3168.83,background
file1.wav,3168.83,3168.94,foreground
file1.wav,3168.94,3169.03,background
file1.wav,3169.03,3169.06,foreground
file1.wav,3169.06,3169.11,background
file1.wav,3169.11,3169.22,foreground
file1.wav,3169.22,3169.28,background
file1.wav,3169.28,3169.75,foreground
file1.wav,3169.75,3169.76,background
file1.wav,3169.76,3169.77,foreground
file1.wav,3169.77,3169.83,background
file1.wav,3169.83,3181.8,foreground
file1.wav,3181.8,3181.86,background
file1.wav,3181.86,3198.18,foreground
file1.wav,3198.18,3198.21,background
file1.wav,3198.21,3198.22,foreground
file1.wav,3198.22,3198.23,background
file1.wav,3198.23,3201.08,foreground
file1.wav,3201.08,3201.18,background
file1.wav,3201.18,3260.95,foreground
file1.wav,3260.95,3260.96,background
file1.wav,3260.96,3260.99,foreground
file1.wav,3260.99,3261.0,background
file1.wav,3261.0,3261.18,foreground
file1.wav,3261.18,3261.22,background
file1.wav,3261.22,3270.25,foreground
file1.wav,3270.25,3270.27,background
file1.wav,3270.27,3346.67,foreground
file1.wav,3346.67,3346.73,background
file1.wav,3346.73,3350.65,foreground
file1.wav,3350.65,3350.7,background
file1.wav,3350.7,3350.8,foreground
file1.wav,3350.8,3350.81,background
file1.wav,3350.81,3602.68,foreground
file1.wav,3602.68,3602.69,background
file1.wav,3602.69,3602.71,foreground
file1.wav,3602.71,3602.73,background
file1.wav,3602.73,3794.21,foreground
file1.wav,3794.21,3794.24,background
file1.wav,3794.24,3814.84,foreground
file1.wav,3814.84,3814.85,background
file1.wav,3814.85,3936.08,foreground
file1.wav,3936.08,3936.09,background
file1.wav,3936.09,3956.43,foreground
file1.wav,3956.43,3956.49,background
file1.wav,3956.49,3987.39,foreground
file1.wav,3987.39,3987.48,background
file1.wav,3987.48,4015.83,foreground
file1.wav,4015.83,4015.86,background
file1.wav,4015.86,4055.83,foreground
file1.wav,4055.83,4055.86,background
file1.wav,4055.86,4063.33,foreground
file1.wav,4063.33,4063.34,background
file1.wav,4063.34,4063.39,foreground
file1.wav,4063.39,4063.45,background
file1.wav,4063.45,4063.5,foreground
file1.wav,4063.5,4063.53,background
file1.wav,4063.53,4153.76,foreground
file1.wav,4153.76,4153.83,background
file1.wav,4153.83,4327.48,foreground
file1.wav,4327.48,4327.55,background
file1.wav,4327.55,4388.94,foreground
file1.wav,4388.94,4389.03,background
file1.wav,4389.03,4415.18,foreground
file1.wav,4415.18,4415.21,background
file1.wav,4415.21,4438.04,foreground
file1.wav,4438.04,4438.11,background
file1.wav,4438.11,4472.45,foreground
file1.wav,4472.45,4472.47,background
file1.wav,4472.47,4472.48,foreground
file1.wav,4472.48,4472.5,background
file1.wav,4472.5,4581.33,foreground
file1.wav,4581.33,4581.36,background
file1.wav,4581.36,4613.15,foreground
file1.wav,4613.15,4613.19,background
file1.wav,4613.19,4622.86,foreground
file1.wav,4622.86,4622.88,background
file1.wav,4622.88,4717.49,foreground
file1.wav,4717.49,4717.52,background
file1.wav,4717.52,4754.22,foreground
file1.wav,4754.22,4754.3,background
file1.wav,4754.3,4757.45,foreground
file1.wav,4757.45,4757.46,background
file1.wav,4757.46,4757.48,foreground
file1.wav,4757.48,4757.49,background
file1.wav,4757.49,4759.09,foreground
file1.wav,4759.09,4759.1,background
file1.wav,4759.1,4759.15,foreground
file1.wav,4759.15,4759.18,background
file1.wav,4759.18,4761.07,foreground
file1.wav,4761.07,4761.13,background
file1.wav,4761.13,4761.21,foreground
file1.wav,4761.21,4761.23,background
file1.wav,4761.23,4762.59,foreground
file1.wav,4762.59,4762.7,background
file1.wav,4762.7,4969.08,foreground
file1.wav,4969.08,4969.1,background
file1.wav,4969.1,4991.05,foreground
file1.wav,4991.05,4991.1,background
file1.wav,4991.1,5614.73,foreground
file1.wav,5614.73,5614.77,background
file1.wav,5614.77,5630.06,foreground
file1.wav,5630.06,5630.11,background
file1.wav,5630.11,5781.74,foreground
file1.wav,5781.74,5781.77,background
file1.wav,5781.77,5799.6,foreground
file1.wav,5799.6,5799.68,background
file1.wav,5799.68,5800.25,foreground
file1.wav,5800.25,5800.35,background
file1.wav,5800.35,5800.85,foreground
file1.wav,5800.85,5800.89,background
file1.wav,5800.89,5801.46,foreground
file1.wav,5801.46,5801.48,background
file1.wav,5801.48,5801.49,foreground
file1.wav,5801.49,5801.5,background
file1.wav,5801.5,5801.52,foreground
file1.wav,5801.52,5801.54,background
file1.wav,5801.54,5806.21,foreground
file1.wav,5806.21,5806.36,background
file1.wav,5806.36,5806.37,foreground
file1.wav,5806.37,5806.38,background
file1.wav,5806.38,5809.8,foreground
file1.wav,5809.8,5809.9,background
file1.wav,5809.9,5819.74,foreground
file1.wav,5819.74,5819.79,background
file1.wav,5819.79,5819.89,foreground
file1.wav,5819.89,5819.9,background
file1.wav,5819.9,5822.34,foreground
file1.wav,5822.34,5822.4,background
file1.wav,5822.4,5822.67,foreground
file1.wav,5822.67,5822.69,background
file1.wav,5822.69,5822.71,foreground
file1.wav,5822.71,5822.72,background
file1.wav,5822.72,5822.74,foreground
file1.wav,5822.74,5822.75,background
file1.wav,5822.75,5823.6,foreground
file1.wav,5823.6,5823.67,background
file1.wav,5823.67,5824.26,foreground
file1.wav,5824.26,5824.28,background
file1.wav,5824.28,5827.96,foreground
file1.wav,5827.96,5828.02,background
file1.wav,5828.02,5831.07,foreground
file1.wav,5831.07,5831.11,background
file1.wav,5831.11,5841.88,foreground
file1.wav,5841.88,5841.91,background
file1.wav,5841.91,5841.95,foreground
file1.wav,5841.95,5841.98,background
file1.wav,5841.98,5858.35,foreground
file1.wav,5858.35,5858.36,background
file1.wav,5858.36,5858.37,foreground
file1.wav,5858.37,5858.42,background
file1.wav,5858.42,5860.69,foreground
file1.wav,5860.69,5860.71,background
file1.wav,5860.71,5874.75,foreground
file1.wav,5874.75,5874.79,background
file1.wav,5874.79,5878.2,foreground
file1.wav,5878.2,5878.24,background
file1.wav,5878.24,5878.77,foreground
file1.wav,5878.77,5878.82,background
file1.wav,5878.82,5881.6,foreground
file1.wav,5881.6,5881.62,background
file1.wav,5881.62,5883.25,foreground
file1.wav,5883.25,5883.29,background
file1.wav,5883.29,5889.32,foreground
file1.wav,5889.32,5889.33,background
file1.wav,5889.33,5889.35,foreground
file1.wav,5889.35,5889.36,background
file1.wav,5889.36,5894.5,foreground
file1.wav,5894.5,5894.54,background
file1.wav,5894.54,5894.59,foreground
file1.wav,5894.59,5894.63,background
file1.wav,5894.63,5895.32,foreground
file1.wav,5895.32,5895.37,background
file1.wav,5895.37,5895.85,foreground
file1.wav,5895.85,5895.9,background
file1.wav,5895.9,5898.59,foreground
file1.wav,5898.59,5898.61,background
file1.wav,5898.61,5898.63,foreground
file1.wav,5898.63,5898.64,background
file1.wav,5898.64,5901.21,foreground
file1.wav,5901.21,5901.34,background
file1.wav,5901.34,5904.36,foreground
file1.wav,5904.36,5904.5,background
file1.wav,5904.5,5909.06,foreground
file1.wav,5909.06,5909.17,background
file1.wav,5909.17,5909.77,foreground
file1.wav,5909.77,5909.83,background
file1.wav,5909.83,5912.32,foreground
file1.wav,5912.32,5912.38,background
file1.wav,5912.38,5912.98,foreground
file1.wav,5912.98,5912.99,background
file1.wav,5912.99,5913.01,foreground
file1.wav,5913.01,5913.09,background
file1.wav,5913.09,5913.64,foreground
file1.wav,5913.64,5913.69,background
file1.wav,5913.69,5914.92,foreground
file1.wav,5914.92,5914.96,background
file1.wav,5914.96,5916.92,foreground
file1.wav,5916.92,5916.96,background
file1.wav,5916.96,5917.85,foreground
file1.wav,5917.85,5917.89,background
file1.wav,5917.89,5918.39,foreground
file1.wav,5918.39,5918.44,background
file1.wav,5918.44,5920.61,foreground
file1.wav,5920.61,5920.66,background
file1.wav,5920.66,5920.68,foreground
file1.wav,5920.68,5920.69,background
file1.wav,5920.69,5920.7,foreground
file1.wav,5920.7,5920.73,background
file1.wav,5920.73,5928.95,foreground
file1.wav,5928.95,5929.05,background
file1.wav,5929.05,5930.5,foreground
file1.wav,5930.5,5930.74,background
file1.wav,5930.74,5930.83,foreground
file1.wav,5930.83,5930.86,background
file1.wav,5930.86,5931.53,foreground
file1.wav,5931.53,5931.57,background
file1.wav,5931.57,5931.65,foreground
file1.wav,5931.65,5931.71,background
file1.wav,5931.71,5931.73,foreground
file1.wav,5931.73,5931.74,background
file1.wav,5931.74,5933.43,foreground
file1.wav,5933.43,5933.53,background
file1.wav,5933.53,5933.61,foreground
file1.wav,5933.61,5933.67,background
file1.wav,5933.67,5933.75,foreground
file1.wav,5933.75,5933.92,background
file1.wav,5933.92,5933.95,foreground
file1.wav,5933.95,5934.02,background
file1.wav,5934.02,5941.96,foreground
file1.wav,5941.96,5942.01,background
file1.wav,5942.01,5942.04,foreground
file1.wav,5942.04,5942.08,background
file1.wav,5942.08,5944.46,foreground
file1.wav,5944.46,5944.51,background
file1.wav,5944.51,5944.52,foreground
file1.wav,5944.52,5944.54,background
file1.wav,5944.54,5944.61,foreground
file1.wav,5944.61,5944.69,background
file1.wav,5944.69,5944.98,foreground
file1.wav,5944.98,5945.07,background
file1.wav,5945.07,5945.62,foreground
file1.wav,5945.62,5945.65,background
file1.wav,5945.65,5953.24,foreground
file1.wav,5953.24,5953.29,background
file1.wav,5953.29,5956.04,foreground
file1.wav,5956.04,5956.06,background
file1.wav,5956.06,5957.4,foreground
file1.wav,5957.4,5957.54,background
file1.wav,5957.54,5965.46,foreground
file1.wav,5965.46,5965.59,background
file1.wav,5965.59,5967.74,foreground
file1.wav,5967.74,5967.78,background
file1.wav,5967.78,5968.84,foreground
file1.wav,5968.84,5968.91,background
file1.wav,5968.91,5970.12,foreground
file1.wav,5970.12,5970.16,background
file1.wav,5970.16,5974.24,foreground
file1.wav,5974.24,5974.34,background
file1.wav,5974.34,5974.52,foreground
file1.wav,5974.52,5974.56,background
file1.wav,5974.56,5977.34,foreground
file1.wav,5977.34,5977.36,background
file1.wav,5977.36,5981.59,foreground
file1.wav,5981.59,5981.62,background
file1.wav,5981.62,5981.63,foreground
file1.wav,5981.63,5981.64,background
file1.wav,5981.64,5982.14,foreground
file1.wav,5982.14,5982.19,background
file1.wav,5982.19,5982.9,foreground
file1.wav,5982.9,5982.91,background
file1.wav,5982.91,5983.15,foreground
file1.wav,5983.15,5983.2,background
file1.wav,5983.2,5983.21,foreground
file1.wav,5983.21,5983.32,background
file1.wav,5983.32,5983.44,foreground
file1.wav,5983.44,5983.53,background
file1.wav,5983.53,5983.82,foreground
file1.wav,5983.82,5983.91,background
file1.wav,5983.91,5988.8,foreground
file1.wav,5988.8,5988.83,background
file1.wav,5988.83,5992.31,foreground
file1.wav,5992.31,5992.35,background
file1.wav,5992.35,5992.45,foreground
file1.wav,5992.45,5992.47,background
file1.wav,5992.47,5993.84,foreground
file1.wav,5993.84,5993.93,background
file1.wav,5993.93,5993.98,foreground
file1.wav,5993.98,5994.17,background
file1.wav,5994.17,5994.44,foreground
file1.wav,5994.44,5994.52,background
file1.wav,5994.52,5994.54,foreground
file1.wav,5994.54,5994.65,background
file1.wav,5994.65,5996.3,foreground
file1.wav,5996.3,5996.42,background
file1.wav,5996.42,5996.43,foreground
file1.wav,5996.43,5996.44,background
file1.wav,5996.44,5996.54,foreground
file1.wav,5996.54,5996.8,background
file1.wav,5996.8,5996.98,foreground
file1.wav,5996.98,5997.05,background
file1.wav,5997.05,5998.06,foreground
file1.wav,5998.06,5998.25,background
file1.wav,5998.25,5998.98,foreground
file1.wav,5998.98,5999.04,background
file1.wav,5999.04,6002.34,foreground
file1.wav,6002.34,6002.36,background
file1.wav,6002.36,6005.44,foreground
file1.wav,6005.44,6005.49,background
file1.wav,6005.49,6009.1,foreground
file1.wav,6009.1,6009.14,background
file1.wav,6009.14,6013.73,foreground
file1.wav,6013.73,6013.82,background
file1.wav,6013.82,6014.21,foreground
file1.wav,6014.21,6014.24,background
file1.wav,6014.24,6014.39,foreground
file1.wav,6014.39,6014.47,background
file1.wav,6014.47,6015.57,foreground
file1.wav,6015.57,6015.61,background
file1.wav,6015.61,6015.83,foreground
file1.wav,6015.83,6016.04,background
file1.wav,6016.04,6017.6,foreground
file1.wav,6017.6,6017.83,background
file1.wav,6017.83,6022.96,foreground
file1.wav,6022.96,6022.98,background
file1.wav,6022.98,6026.23,foreground
file1.wav,6026.23,6026.49,background
file1.wav,6026.49,6036.32,foreground
file1.wav,6036.32,6036.37,background
file1.wav,6036.37,6045.93,foreground
file1.wav,6045.93,6045.96,background
file1.wav,6045.96,6053.14,foreground
file1.wav,6053.14,6053.2,background
file1.wav,6053.2,6053.92,foreground
file1.wav,6053.92,6053.96,background
file1.wav,6053.96,6054.05,foreground
file1.wav,6054.05,6054.1,background
file1.wav,6054.1,6057.46,foreground
file1.wav,6057.46,6057.48,background
file1.wav,6057.48,6057.49,foreground
file1.wav,6057.49,6057.5,background
file1.wav,6057.5,6058.36,foreground
file1.wav,6058.36,6058.39,background
file1.wav,6058.39,6085.46,foreground
file1.wav,6085.46,6085.51,background
file1.wav,6085.51,6088.63,foreground
file1.wav,6088.63,6088.69,background
file1.wav,6088.69,6088.71,foreground
file1.wav,6088.71,6088.72,background
file1.wav,6088.72,6089.87,foreground
file1.wav,6089.87,6089.99,background
file1.wav,6089.99,6090.03,foreground
file1.wav,6090.03,6090.08,background
file1.wav,6090.08,6091.43,foreground
file1.wav,6091.43,6091.45,background
file1.wav,6091.45,6091.53,foreground
file1.wav,6091.53,6091.75,background
file1.wav,6091.75,6091.93,foreground
file1.wav,6091.93,6091.95,background
file1.wav,6091.95,6097.9,foreground
file1.wav,6097.9,6097.97,background
file1.wav,6097.97,6097.99,foreground
file1.wav,6097.99,6098.0,background
file1.wav,6098.0,6099.78,foreground
file1.wav,6099.78,6099.86,background
file1.wav,6099.86,6115.57,foreground
file1.wav,6115.57,6115.67,background
file1.wav,6115.67,6115.98,foreground
file1.wav,6115.98,6116.05,background
file1.wav,6116.05,6116.21,foreground
file1.wav,6116.21,6116.32,background
file1.wav,6116.32,6116.66,foreground
file1.wav,6116.66,6116.7,background
file1.wav,6116.7,6117.87,foreground
file1.wav,6117.87,6118.07,background
file1.wav,6118.07,6118.28,foreground
file1.wav,6118.28,6118.43,background
file1.wav,6118.43,6118.93,foreground
file1.wav,6118.93,6119.03,background
file1.wav,6119.03,6120.06,foreground
file1.wav,6120.06,6120.11,background
file1.wav,6120.11,6129.34,foreground
file1.wav,6129.34,6129.41,background
file1.wav,6129.41,6171.99,foreground
file1.wav,6171.99,6172.02,background
file1.wav,6172.02,6204.83,foreground
file1.wav,6204.83,6204.86,background
file1.wav,6204.86,6215.66,foreground
file1.wav,6215.66,6215.69,background
file1.wav,6215.69,6257.46,foreground
file1.wav,6257.46,6257.51,background
file1.wav,6257.51,6263.09,foreground
file1.wav,6263.09,6263.14,background
file1.wav,6263.14,6317.02,foreground
file1.wav,6317.02,6317.06,background
file1.wav,6317.06,6317.11,foreground
file1.wav,6317.11,6317.12,background
file1.wav,6317.12,6317.3,foreground
file1.wav,6317.3,6317.32,background
file1.wav,6317.32,6317.56,foreground
file1.wav,6317.56,6317.57,background
file1.wav,6317.57,6341.05,foreground
file1.wav,6341.05,6341.07,background
file1.wav,6341.07,6341.11,foreground
file1.wav,6341.11,6341.21,background
file1.wav,6341.21,6345.55,foreground
file1.wav,6345.55,6345.66,background
file1.wav,6345.66,6345.67,foreground
file1.wav,6345.67,6345.69,background
file1.wav,6345.69,6365.74,foreground
file1.wav,6365.74,6365.77,background
file1.wav,6365.77,6377.57,foreground
file1.wav,6377.57,6377.58,background
file1.wav,6377.58,6377.6,foreground
file1.wav,6377.6,6377.61,background
file1.wav,6377.61,6405.94,foreground
file1.wav,6405.94,6405.97,background
file1.wav,6405.97,6475.32,foreground
file1.wav,6475.32,6475.34,background
file1.wav,6475.34,6482.44,foreground
file1.wav,6482.44,6482.46,background
file1.wav,6482.46,6497.36,foreground
file1.wav,6497.36,6497.39,background
file1.wav,6497.39,6508.4,foreground
file1.wav,6508.4,6508.43,background
file1.wav,6508.43,6513.39,foreground
file1.wav,6513.39,6513.45,background
file1.wav,6513.45,6527.34,foreground
file1.wav,6527.34,6527.41,background
file1.wav,6527.41,6527.43,foreground
file1.wav,6527.43,6527.44,background
file1.wav,6527.44,6527.47,foreground
file1.wav,6527.47,6527.51,background
file1.wav,6527.51,6556.4,foreground
file1.wav,6556.4,6556.44,background
file1.wav,6556.44,6561.21,foreground
file1.wav,6561.21,6561.25,background
file1.wav,6561.25,6574.5,foreground
file1.wav,6574.5,6574.56,background
file1.wav,6574.56,6582.22,foreground
file1.wav,6582.22,6582.28,background
file1.wav,6582.28,6585.39,foreground
file1.wav,6585.39,6585.43,background
file1.wav,6585.43,6613.5,foreground
file1.wav,6613.5,6613.56,background
file1.wav,6613.56,6617.35,foreground
file1.wav,6617.35,6617.38,background
file1.wav,6617.38,6637.4,foreground
file1.wav,6637.4,6637.44,background
file1.wav,6637.44,6650.52,foreground
file1.wav,6650.52,6650.53,background
file1.wav,6650.53,6671.79,foreground
file1.wav,6671.79,6671.8,background
file1.wav,6671.8,6680.3,foreground
file1.wav,6680.3,6680.36,background
file1.wav,6680.36,6682.82,foreground
file1.wav,6682.82,6682.88,background
file1.wav,6682.88,6683.25,foreground
file1.wav,6683.25,6683.3,background
file1.wav,6683.3,6688.35,foreground
file1.wav,6688.35,6688.38,background
file1.wav,6688.38,6715.11,foreground
file1.wav,6715.11,6715.14,background
file1.wav,6715.14,6720.18,foreground
file1.wav,6720.18,6720.23,background
file1.wav,6720.23,6773.53,foreground
file1.wav,6773.53,6773.59,background
file1.wav,6773.59,6805.66,foreground
file1.wav,6805.66,6805.67,background
file1.wav,6805.67,6817.54,foreground
file1.wav,6817.54,6817.58,background
file1.wav,6817.58,6847.62,foreground
file1.wav,6847.62,6847.71,background
file1.wav,6847.71,6850.16,foreground
file1.wav,6850.16,6850.17,background
file1.wav,6850.17,6850.91,foreground
file1.wav,6850.91,6851.01,background
file1.wav,6851.01,6855.72,foreground
file1.wav,6855.72,6855.74,background
file1.wav,6855.74,6891.81,foreground
file1.wav,6891.81,6891.86,background
file1.wav,6891.86,6892.0,foreground
file1.wav,6892.0,6892.03,background
file1.wav,6892.03,6905.2,foreground
file1.wav,6905.2,6905.26,background
file1.wav,6905.26,6938.2,foreground
file1.wav,6938.2,6938.22,background
file1.wav,6938.22,6959.07,foreground
file1.wav,6959.07,6959.12,background
file1.wav,6959.12,6959.13,foreground
file1.wav,6959.13,6959.19,background
file1.wav,6959.19,6959.23,foreground
file1.wav,6959.23,6959.4,background
file1.wav,6959.4,6959.65,foreground
file1.wav,6959.65,6959.81,background
file1.wav,6959.81,6959.86,foreground
file1.wav,6959.86,6960.0,background
file1.wav,6960.0,6961.72,foreground
file1.wav,6961.72,6961.74,background
file1.wav,6961.74,6962.61,foreground
file1.wav,6962.61,6962.66,background
file1.wav,6962.66,7004.23,foreground
file1.wav,7004.23,7004.27,background
file1.wav,7004.27,7050.64,foreground
file1.wav,7050.64,7050.67,background
file1.wav,7050.67,7053.74,foreground
file1.wav,7053.74,7053.75,background
file1.wav,7053.75,7069.94,foreground
file1.wav,7069.94,7070.0,background
file1.wav,7070.0,7136.31,foreground
file1.wav,7136.31,7136.34,background
file1.wav,7136.34,7156.85,foreground
file1.wav,7156.85,7156.91,background
file1.wav,7156.91,7156.92,foreground
file1.wav,7156.92,7157.0,background
file1.wav,7157.0,7157.66,foreground
file1.wav,7157.66,7157.69,background
file1.wav,7157.69,7157.76,foreground
file1.wav,7157.76,7157.79,background
file1.wav,7157.79,7195.46,foreground
file1.wav,7195.46,7195.57,background
file1.wav,7195.57,7316.79,foreground
file1.wav,7316.79,7316.81,background
file1.wav,7316.81,7316.97,foreground
file1.wav,7316.97,7316.98,background
file1.wav,7316.98,7317.07,foreground
file1.wav,7317.07,7317.08,background
file1.wav,7317.08,7333.3,foreground
file1.wav,7333.3,7333.35,background
file1.wav,7333.35,7366.96,foreground
file1.wav,7366.96,7367.01,background
file1.wav,7367.01,7369.89,foreground
file1.wav,7369.89,7369.9,background
file1.wav,7369.9,7398.71,foreground
file1.wav,7398.71,7398.79,background
file1.wav,7398.79,7401.09,foreground
file1.wav,7401.09,7401.33,background
file1.wav,7401.33,7426.8,foreground
file1.wav,7426.8,7426.83,background
file1.wav,7426.83,7458.19,foreground
file1.wav,7458.19,7458.22,background
file1.wav,7458.22,7461.5,foreground
file1.wav,7461.5,7461.58,background
file1.wav,7461.58,7461.67,foreground
file1.wav,7461.67,7461.74,background
file1.wav,7461.74,7461.77,foreground
file1.wav,7461.77,7461.88,background
file1.wav,7461.88,7467.45,foreground
file1.wav,7467.45,7467.46,background
file1.wav,7467.46,7467.64,foreground
file1.wav,7467.64,7467.67,background
file1.wav,7467.67,7473.95,foreground
file1.wav,7473.95,7473.96,background
file1.wav,7473.96,7497.14,foreground
file1.wav,7497.14,7497.15,background
file1.wav,7497.15,7501.07,foreground
file1.wav,7501.07,7501.08,background
file1.wav,7501.08,7501.09,foreground
file1.wav,7501.09,7501.15,background
file1.wav,7501.15,7502.61,foreground
file1.wav,7502.61,7502.67,background
file1.wav,7502.67,7502.69,foreground
file1.wav,7502.69,7502.79,background
file1.wav,7502.79,7502.86,foreground
file1.wav,7502.86,7502.89,background
file1.wav,7502.89,7502.92,foreground
file1.wav,7502.92,7502.97,background
file1.wav,7502.97,7504.41,foreground
file1.wav,7504.41,7504.5,background
file1.wav,7504.5,7504.8,foreground
file1.wav,7504.8,7504.83,background
file1.wav,7504.83,7506.68,foreground
file1.wav,7506.68,7506.78,background
file1.wav,7506.78,7511.3,foreground
file1.wav,7511.3,7511.31,background
file1.wav,7511.31,7513.93,foreground
file1.wav,7513.93,7513.96,background
file1.wav,7513.96,7514.15,foreground
file1.wav,7514.15,7514.2,background
file1.wav,7514.2,7514.54,foreground
file1.wav,7514.54,7514.72,background
file1.wav,7514.72,7517.0,foreground
file1.wav,7517.0,7517.04,background
file1.wav,7517.04,7519.84,foreground
file1.wav,7519.84,7519.9,background
file1.wav,7519.9,7538.36,foreground
file1.wav,7538.36,7538.38,background
file1.wav,7538.38,7600.04,foreground
file1.wav,7600.04,7600.07,background
file1.wav,7600.07,7653.03,foreground
file1.wav,7653.03,7653.05,background
file1.wav,7653.05,7750.32,foreground
file1.wav,7750.32,7750.35,background
file1.wav,7750.35,7774.67,foreground
file1.wav,7774.67,7774.7,background
file1.wav,7774.7,7777.48,foreground
file1.wav,7777.48,7777.51,background
file1.wav,7777.51,7784.61,foreground
file1.wav,7784.61,7784.62,background
file1.wav,7784.62,7784.64,foreground
file1.wav,7784.64,7784.71,background
file1.wav,7784.71,7784.72,foreground
file1.wav,7784.72,7784.79,background
file1.wav,7784.79,7784.9,foreground
file1.wav,7784.9,7784.99,background
file1.wav,7784.99,7800.06,foreground
file1.wav,7800.06,7800.08,background
file1.wav,7800.08,7841.82,foreground
file1.wav,7841.82,7841.84,background
file1.wav,7841.84,7841.9,foreground
file1.wav,7841.9,7841.93,background
file1.wav,7841.93,7866.31,foreground
file1.wav,7866.31,7866.34,background
file1.wav,7866.34,7866.57,foreground
file1.wav,7866.57,7866.63,background
file1.wav,7866.63,7866.75,foreground
file1.wav,7866.75,7866.81,background
file1.wav,7866.81,7868.27,foreground
file1.wav,7868.27,7868.29,background
file1.wav,7868.29,7868.5,foreground
file1.wav,7868.5,7868.53,background
file1.wav,7868.53,7876.82,foreground
file1.wav,7876.82,7876.88,background
file1.wav,7876.88,7879.36,foreground
file1.wav,7879.36,7879.4,background
file1.wav,7879.4,7880.23,foreground
file1.wav,7880.23,7880.25,background
file1.wav,7880.25,7882.52,foreground
file1.wav,7882.52,7882.57,background
file1.wav,7882.57,7893.57,foreground
file1.wav,7893.57,7893.6,background
file1.wav,7893.6,7894.13,foreground
file1.wav,7894.13,7894.14,background
file1.wav,7894.14,7894.72,foreground
file1.wav,7894.72,7894.8,background
file1.wav,7894.8,7894.83,foreground
file1.wav,7894.83,7894.87,background
file1.wav,7894.87,7896.58,foreground
file1.wav,7896.58,7896.61,background
file1.wav,7896.61,7897.0,foreground
file1.wav,7897.0,7897.04,background
file1.wav,7897.04,7899.51,foreground
file1.wav,7899.51,7899.52,background
file1.wav,7899.52,7905.45,foreground
file1.wav,7905.45,7905.48,background
file1.wav,7905.48,7905.62,foreground
file1.wav,7905.62,7905.71,background
file1.wav,7905.71,7906.01,foreground
file1.wav,7906.01,7906.06,background
file1.wav,7906.06,7906.2,foreground
file1.wav,7906.2,7906.25,background
file1.wav,7906.25,7906.32,foreground
file1.wav,7906.32,7906.37,background
file1.wav,7906.37,7906.59,foreground
file1.wav,7906.59,7906.6,background
file1.wav,7906.6,7907.19,foreground
file1.wav,7907.19,7907.28,background
file1.wav,7907.28,7907.33,foreground
file1.wav,7907.33,7907.37,background
file1.wav,7907.37,7908.07,foreground
file1.wav,7908.07,7908.12,background
file1.wav,7908.12,7908.15,foreground
file1.wav,7908.15,7908.24,background
file1.wav,7908.24,7908.27,foreground
file1.wav,7908.27,7908.34,background
file1.wav,7908.34,7915.7,foreground
file1.wav,7915.7,7915.75,background
file1.wav,7915.75,7920.69,foreground
file1.wav,7920.69,7920.73,background
file1.wav,7920.73,7920.81,foreground
file1.wav,7920.81,7920.84,background
file1.wav,7920.84,7925.11,foreground
file1.wav,7925.11,7925.12,background
file1.wav,7925.12,7937.33,foreground
file1.wav,7937.33,7937.36,background
file1.wav,7937.36,7947.53,foreground
file1.wav,7947.53,7947.56,background
file1.wav,7947.56,7955.68,foreground
file1.wav,7955.68,7955.71,background
file1.wav,7955.71,7967.78,foreground
file1.wav,7967.78,7967.81,background
file1.wav,7967.81,7968.14,foreground
file1.wav,7968.14,7968.19,background
file1.wav,7968.19,7968.48,foreground
file1.wav,7968.48,7968.49,background
file1.wav,7968.49,7968.57,foreground
file1.wav,7968.57,7968.71,background
file1.wav,7968.71,7969.22,foreground
file1.wav,7969.22,7969.23,background
file1.wav,7969.23,7969.26,foreground
file1.wav,7969.26,7969.27,background
file1.wav,7969.27,7969.28,foreground
file1.wav,7969.28,7969.3,background
file1.wav,7969.3,7969.81,foreground
file1.wav,7969.81,7969.84,background
file1.wav,7969.84,7971.83,foreground
file1.wav,7971.83,7971.85,background
file1.wav,7971.85,7976.16,foreground
file1.wav,7976.16,7976.35,background
file1.wav,7976.35,7976.8,foreground
file1.wav,7976.8,7976.84,background
file1.wav,7976.84,7987.75,foreground
file1.wav,7987.75,7987.8,background
file1.wav,7987.8,7988.19,foreground
file1.wav,7988.19,7988.42,background
file1.wav,7988.42,7988.44,foreground
file1.wav,7988.44,7988.78,background
file1.wav,7988.78,7993.08,foreground
file1.wav,7993.08,7993.11,background
file1.wav,7993.11,7994.49,foreground
file1.wav,7994.49,7994.5,background
file1.wav,7994.5,7998.02,foreground
file1.wav,7998.02,7998.05,background
file1.wav,7998.05,7998.14,foreground
file1.wav,7998.14,7998.19,background
file1.wav,7998.19,7998.25,foreground
file1.wav,7998.25,7998.28,background
file1.wav,7998.28,7998.29,foreground
file1.wav,7998.29,7998.3,background
file1.wav,7998.3,7998.32,foreground
file1.wav,7998.32,7998.39,background
file1.wav,7998.39,7999.34,foreground
file1.wav,7999.34,7999.45,background
file1.wav,7999.45,7999.62,foreground
file1.wav,7999.62,7999.64,background
file1.wav,7999.64,8000.15,foreground
file1.wav,8000.15,8000.19,background
file1.wav,8000.19,8000.23,foreground
file1.wav,8000.23,8000.49,background
file1.wav,8000.49,8002.41,foreground
file1.wav,8002.41,8002.45,background
file1.wav,8002.45,8033.58,foreground
file1.wav,8033.58,8033.61,background
file1.wav,8033.61,8033.68,foreground
file1.wav,8033.68,8033.74,background
file1.wav,8033.74,8042.26,foreground
file1.wav,8042.26,8042.28,background
file1.wav,8042.28,8042.56,foreground
file1.wav,8042.56,8042.59,background
file1.wav,8042.59,8042.71,foreground
file1.wav,8042.71,8042.81,background
file1.wav,8042.81,8042.85,foreground
file1.wav,8042.85,8042.87,background
file1.wav,8042.87,8042.93,foreground
file1.wav,8042.93,8042.99,background
file1.wav,8042.99,8044.76,foreground
file1.wav,8044.76,8044.78,background
file1.wav,8044.78,8050.71,foreground
file1.wav,8050.71,8050.91,background
file1.wav,8050.91,8052.57,foreground
file1.wav,8052.57,8052.63,background
file1.wav,8052.63,8052.67,foreground
file1.wav,8052.67,8052.69,background
file1.wav,8052.69,8053.02,foreground
file1.wav,8053.02,8053.09,background
file1.wav,8053.09,8053.14,foreground
file1.wav,8053.14,8053.17,background
file1.wav,8053.17,8053.18,foreground
file1.wav,8053.18,8053.2,background
file1.wav,8053.2,8053.31,foreground
file1.wav,8053.31,8053.37,background
file1.wav,8053.37,8053.5,foreground
file1.wav,8053.5,8053.56,background
file1.wav,8053.56,8054.17,foreground
file1.wav,8054.17,8054.2,background
file1.wav,8054.2,8056.3,foreground
file1.wav,8056.3,8056.41,background
file1.wav,8056.41,8056.44,foreground
file1.wav,8056.44,8056.47,background
file1.wav,8056.47,8080.1,foreground
file1.wav,8080.1,8080.15,background
file1.wav,8080.15,8080.2,foreground
file1.wav,8080.2,8080.24,background
file1.wav,8080.24,8080.33,foreground
file1.wav,8080.33,8080.42,background
file1.wav,8080.42,8080.83,foreground
file1.wav,8080.83,8080.85,background
file1.wav,8080.85,8081.29,foreground
file1.wav,8081.29,8081.36,background
file1.wav,8081.36,8087.26,foreground
file1.wav,8087.26,8087.29,background
file1.wav,8087.29,8087.51,foreground
file1.wav,8087.51,8087.56,background
file1.wav,8087.56,8087.62,foreground
file1.wav,8087.62,8087.71,background
file1.wav,8087.71,8094.6,foreground
file1.wav,8094.6,8094.61,background
file1.wav,8094.61,8095.76,foreground
file1.wav,8095.76,8095.79,background
file1.wav,8095.79,8097.01,foreground
file1.wav,8097.01,8097.02,background
file1.wav,8097.02,8099.06,foreground
file1.wav,8099.06,8099.12,background
file1.wav,8099.12,8099.16,foreground
file1.wav,8099.16,8099.4,background
file1.wav,8099.4,8099.5,foreground
file1.wav,8099.5,8099.53,background
file1.wav,8099.53,8099.57,foreground
file1.wav,8099.57,8099.66,background
file1.wav,8099.66,8101.08,foreground
file1.wav,8101.08,8101.09,background
file1.wav,8101.09,8140.36,foreground
file1.wav,8140.36,8140.4,background
file1.wav,8140.4,8144.71,foreground
file1.wav,8144.71,8144.74,background
file1.wav,8144.74,8154.67,foreground
file1.wav,8154.67,8154.87,background
file1.wav,8154.87,8154.93,foreground
file1.wav,8154.93,8154.94,background
file1.wav,8154.94,8159.49,foreground
file1.wav,8159.49,8159.59,background
file1.wav,8159.59,8159.61,foreground
file1.wav,8159.61,8159.65,background
file1.wav,8159.65,8159.67,foreground
file1.wav,8159.67,8159.68,background
file1.wav,8159.68,8159.88,foreground
file1.wav,8159.88,8159.93,background
file1.wav,8159.93,8159.99,foreground
file1.wav,8159.99,8160.01,background
file1.wav,8160.01,8160.02,foreground
file1.wav,8160.02,8160.07,background
file1.wav,8160.07,8161.59,foreground
file1.wav,8161.59,8161.65,background
file1.wav,8161.65,8162.09,foreground
file1.wav,8162.09,8162.2,background
file1.wav,8162.2,8169.09,foreground
file1.wav,8169.09,8169.12,background
file1.wav,8169.12,8171.09,foreground
file1.wav,8171.09,8171.17,background
file1.wav,8171.17,8173.59,foreground
file1.wav,8173.59,8173.68,background
file1.wav,8173.68,8173.75,foreground
file1.wav,8173.75,8173.95,background
file1.wav,8173.95,8174.05,foreground
file1.wav,8174.05,8174.08,background
file1.wav,8174.08,8176.22,foreground
file1.wav,8176.22,8176.32,background
file1.wav,8176.32,8176.36,foreground
file1.wav,8176.36,8176.41,background
file1.wav,8176.41,8176.51,foreground
file1.wav,8176.51,8176.57,background
file1.wav,8176.57,8177.12,foreground
file1.wav,8177.12,8177.16,background
file1.wav,8177.16,8177.22,foreground
file1.wav,8177.22,8177.31,background
file1.wav,8177.31,8177.92,foreground
file1.wav,8177.92,8177.94,background
file1.wav,8177.94,8177.95,foreground
file1.wav,8177.95,8177.97,background
file1.wav,8177.97,8181.4,foreground
file1.wav,8181.4,8181.48,background
file1.wav,8181.48,8182.86,foreground
file1.wav,8182.86,8182.89,background
file1.wav,8182.89,8183.87,foreground
file1.wav,8183.87,8183.92,background
file1.wav,8183.92,8186.17,foreground
file1.wav,8186.17,8186.27,background
file1.wav,8186.27,8186.37,foreground
file1.wav,8186.37,8186.45,background
file1.wav,8186.45,8186.5,foreground
file1.wav,8186.5,8186.57,background
file1.wav,8186.57,8186.81,foreground
file1.wav,8186.81,8186.86,background
file1.wav,8186.86,8189.13,foreground
file1.wav,8189.13,8189.16,background
file1.wav,8189.16,8189.92,foreground
file1.wav,8189.92,8189.94,background
file1.wav,8189.94,8189.95,foreground
file1.wav,8189.95,8190.01,background
file1.wav,8190.01,8190.26,foreground
file1.wav,8190.26,8190.27,background
file1.wav,8190.27,8190.3,foreground
file1.wav,8190.3,8190.35,background
file1.wav,8190.35,8190.52,foreground
file1.wav,8190.52,8190.65,background
file1.wav,8190.65,8190.66,foreground
file1.wav,8190.66,8190.69,background
file1.wav,8190.69,8192.29,foreground
file1.wav,8192.29,8192.32,background
file1.wav,8192.32,8194.0,foreground
file1.wav,8194.0,8194.05,background
file1.wav,8194.05,8194.1,foreground
file1.wav,8194.1,8194.19,background
file1.wav,8194.19,8194.2,foreground
file1.wav,8194.2,8194.26,background
file1.wav,8194.26,8194.5,foreground
file1.wav,8194.5,8194.63,background
file1.wav,8194.63,8194.65,foreground
file1.wav,8194.65,8194.66,background
file1.wav,8194.66,8194.68,foreground
file1.wav,8194.68,8194.69,background
file1.wav,8194.69,8196.25,foreground
file1.wav,8196.25,8196.28,background
file1.wav,8196.28,8196.33,foreground
file1.wav,8196.33,8196.39,background
file1.wav,8196.39,8197.9,foreground
file1.wav,8197.9,8197.93,background
file1.wav,8197.93,8198.13,foreground
file1.wav,8198.13,8198.26,background
file1.wav,8198.26,8199.54,foreground
file1.wav,8199.54,8199.55,background
file1.wav,8199.55,8200.7,foreground
file1.wav,8200.7,8200.74,background
file1.wav,8200.74,8207.46,foreground
file1.wav,8207.46,8207.57,background
file1.wav,8207.57,8207.59,foreground
file1.wav,8207.59,8207.61,background
file1.wav,8207.61,8207.82,foreground
file1.wav,8207.82,8207.83,background
file1.wav,8207.83,8208.06,foreground
file1.wav,8208.06,8208.09,background
file1.wav,8208.09,8210.42,foreground
file1.wav,8210.42,8210.59,background
file1.wav,8210.59,8210.62,foreground
file1.wav,8210.62,8210.67,background
file1.wav,8210.67,8210.73,foreground
file1.wav,8210.73,8210.8,background
file1.wav,8210.8,8210.99,foreground
file1.wav,8210.99,8211.03,background
file1.wav,8211.03,8211.24,foreground
file1.wav,8211.24,8211.25,background
file1.wav,8211.25,8211.44,foreground
file1.wav,8211.44,8211.52,background
file1.wav,8211.52,8212.62,foreground
file1.wav,8212.62,8212.65,background
file1.wav,8212.65,8213.31,foreground
file1.wav,8213.31,8213.34,background
file1.wav,8213.34,8213.44,foreground
file1.wav,8213.44,8213.5,background
file1.wav,8213.5,8214.68,foreground
file1.wav,8214.68,8214.82,background
file1.wav,8214.82,8214.85,foreground
file1.wav,8214.85,8214.86,background
file1.wav,8214.86,8214.88,foreground
file1.wav,8214.88,8214.89,background
file1.wav,8214.89,8214.92,foreground
file1.wav,8214.92,8215.19,background
file1.wav,8215.19,8215.21,foreground
file1.wav,8215.21,8215.26,background
file1.wav,8215.26,8215.3,foreground
file1.wav,8215.3,8215.49,background
file1.wav,8215.49,8215.59,foreground
file1.wav,8215.59,8215.63,background
file1.wav,8215.63,8216.38,foreground
file1.wav,8216.38,8216.41,background
file1.wav,8216.41,8220.16,foreground
file1.wav,8220.16,8220.21,background
file1.wav,8220.21,8220.62,foreground
file1.wav,8220.62,8220.63,background
file1.wav,8220.63,8221.7,foreground
file1.wav,8221.7,8221.77,background
file1.wav,8221.77,8224.13,foreground
file1.wav,8224.13,8224.27,background
file1.wav,8224.27,8224.32,foreground
file1.wav,8224.32,8224.38,background
file1.wav,8224.38,8225.07,foreground
file1.wav,8225.07,8225.11,background
file1.wav,8225.11,8228.77,foreground
file1.wav,8228.77,8228.8,background
file1.wav,8228.8,8237.86,foreground
file1.wav,8237.86,8237.92,background
file1.wav,8237.92,8237.93,foreground
file1.wav,8237.93,8237.94,background
file1.wav,8237.94,8238.0,foreground
file1.wav,8238.0,8238.08,background
file1.wav,8238.08,8238.15,foreground
file1.wav,8238.15,8238.25,background
file1.wav,8238.25,8238.63,foreground
file1.wav,8238.63,8238.68,background
file1.wav,8238.68,8243.78,foreground
file1.wav,8243.78,8243.81,background
file1.wav,8243.81,8253.06,foreground
file1.wav,8253.06,8253.07,background
file1.wav,8253.07,8253.08,foreground
file1.wav,8253.08,8253.1,background
file1.wav,8253.1,8253.34,foreground
file1.wav,8253.34,8253.38,background
file1.wav,8253.38,8266.44,foreground
file1.wav,8266.44,8266.49,background
file1.wav,8266.49,8266.99,foreground
file1.wav,8266.99,8267.02,background
file1.wav,8267.02,8269.45,foreground
file1.wav,8269.45,8269.49,background
file1.wav,8269.49,8294.8,foreground
file1.wav,8294.8,8294.84,background
file1.wav,8294.84,8296.81,foreground
file1.wav,8296.81,8296.83,background
file1.wav,8296.83,8305.97,foreground
file1.wav,8305.97,8306.01,background
file1.wav,8306.01,8306.41,foreground
file1.wav,8306.41,8306.44,background
file1.wav,8306.44,8308.85,foreground
file1.wav,8308.85,8308.87,background
file1.wav,8308.87,8313.39,foreground
file1.wav,8313.39,8313.42,background
file1.wav,8313.42,8327.45,foreground
file1.wav,8327.45,8327.46,background
file1.wav,8327.46,8353.57,foreground
file1.wav,8353.57,8353.58,background
file1.wav,8353.58,8381.76,foreground
file1.wav,8381.76,8381.82,background
file1.wav,8381.82,8381.84,foreground
file1.wav,8381.84,8381.85,background
file1.wav,8381.85,8382.28,foreground
file1.wav,8382.28,8382.3,background
file1.wav,8382.3,8383.33,foreground
file1.wav,8383.33,8383.35,background
file1.wav,8383.35,8384.55,foreground
file1.wav,8384.55,8384.56,background
file1.wav,8384.56,8384.76,foreground
file1.wav,8384.76,8384.8,background
file1.wav,8384.8,8384.83,foreground
file1.wav,8384.83,8384.93,background
file1.wav,8384.93,8385.04,foreground
file1.wav,8385.04,8385.08,background
file1.wav,8385.08,8388.16,foreground
file1.wav,8388.16,8388.19,background
file1.wav,8388.19,8388.25,foreground
file1.wav,8388.25,8388.29,background
file1.wav,8388.29,8388.58,foreground
file1.wav,8388.58,8388.63,background
file1.wav,8388.63,8393.39,foreground
file1.wav,8393.39,8393.46,background
file1.wav,8393.46,8393.55,foreground
file1.wav,8393.55,8393.56,background
file1.wav,8393.56,8395.33,foreground
file1.wav,8395.33,8395.37,background
file1.wav,8395.37,8401.98,foreground
file1.wav,8401.98,8402.02,background
file1.wav,8402.02,8405.07,foreground
file1.wav,8405.07,8405.1,background
file1.wav,8405.1,8437.35,foreground
file1.wav,8437.35,8437.4,background
file1.wav,8437.4,8441.09,foreground
file1.wav,8441.09,8441.11,background
file1.wav,8441.11,8442.8,foreground
file1.wav,8442.8,8442.84,background
file1.wav,8442.84,8463.04,foreground
file1.wav,8463.04,8463.07,background
file1.wav,8463.07,8464.1,foreground
file1.wav,8464.1,8464.15,background
file1.wav,8464.15,8465.77,foreground
file1.wav,8465.77,8465.78,background
file1.wav,8465.78,8466.65,foreground
file1.wav,8466.65,8466.71,background
file1.wav,8466.71,8466.74,foreground
file1.wav,8466.74,8466.77,background
file1.wav,8466.77,8466.85,foreground
file1.wav,8466.85,8466.91,background
file1.wav,8466.91,8468.4,foreground
file1.wav,8468.4,8468.44,background
file1.wav,8468.44,8471.06,foreground
file1.wav,8471.06,8471.11,background
file1.wav,8471.11,8478.48,foreground
file1.wav,8478.48,8478.63,background
file1.wav,8478.63,8478.7,foreground
file1.wav,8478.7,8478.78,background
file1.wav,8478.78,8478.81,foreground
file1.wav,8478.81,8478.84,background
file1.wav,8478.84,8479.0,foreground
file1.wav,8479.0,8479.08,background
file1.wav,8479.08,8479.12,foreground
file1.wav,8479.12,8479.17,background
file1.wav,8479.17,8479.2,foreground
file1.wav,8479.2,8479.25,background
file1.wav,8479.25,8479.26,foreground
file1.wav,8479.26,8479.33,background
file1.wav,8479.33,8480.89,foreground
file1.wav,8480.89,8480.9,background
file1.wav,8480.9,8480.92,foreground
file1.wav,8480.92,8480.93,background
file1.wav,8480.93,8480.96,foreground
file1.wav,8480.96,8481.1,background
file1.wav,8481.1,8485.15,foreground
file1.wav,8485.15,8485.19,background
file1.wav,8485.19,8485.26,foreground
file1.wav,8485.26,8485.3,background
file1.wav,8485.3,8485.42,foreground
file1.wav,8485.42,8485.43,background
file1.wav,8485.43,8485.56,foreground
file1.wav,8485.56,8485.6,background
file1.wav,8485.6,8485.82,foreground
file1.wav,8485.82,8485.85,background
file1.wav,8485.85,8487.9,foreground
file1.wav,8487.9,8487.93,background
file1.wav,8487.93,8487.96,foreground
file1.wav,8487.96,8487.99,background
file1.wav,8487.99,8490.62,foreground
file1.wav,8490.62,8490.65,background
file1.wav,8490.65,8490.8,foreground
file1.wav,8490.8,8491.14,background
file1.wav,8491.14,8491.36,foreground
file1.wav,8491.36,8491.37,background
file1.wav,8491.37,8491.59,foreground
file1.wav,8491.59,8491.71,background
file1.wav,8491.71,8498.02,foreground
file1.wav,8498.02,8498.08,background
file1.wav,8498.08,8520.27,foreground
file1.wav,8520.27,8520.31,background
file1.wav,8520.31,8520.37,foreground
file1.wav,8520.37,8520.38,background
file1.wav,8520.38,8520.58,foreground
file1.wav,8520.58,8520.71,background
file1.wav,8520.71,8520.79,foreground
file1.wav,8520.79,8520.83,background
file1.wav,8520.83,8520.89,foreground
file1.wav,8520.89,8520.92,background
file1.wav,8520.92,8521.0,foreground
file1.wav,8521.0,8521.13,background
file1.wav,8521.13,8521.24,foreground
file1.wav,8521.24,8521.25,background
file1.wav,8521.25,8521.69,foreground
file1.wav,8521.69,8521.73,background
file1.wav,8521.73,8522.2,foreground
file1.wav,8522.2,8522.21,background
file1.wav,8522.21,8528.4,foreground
file1.wav,8528.4,8528.46,background
file1.wav,8528.46,8528.49,foreground
file1.wav,8528.49,8528.5,background
file1.wav,8528.5,8528.51,foreground
file1.wav,8528.51,8528.6,background
file1.wav,8528.6,8528.67,foreground
file1.wav,8528.67,8528.79,background
file1.wav,8528.79,8529.19,foreground
file1.wav,8529.19,8529.2,background
file1.wav,8529.2,8530.47,foreground
file1.wav,8530.47,8530.52,background
file1.wav,8530.52,8530.55,foreground
file1.wav,8530.55,8530.63,background
file1.wav,8530.63,8530.9,foreground
file1.wav,8530.9,8531.03,background
file1.wav,8531.03,8539.74,foreground
file1.wav,8539.74,8539.8,background
file1.wav,8539.8,8540.26,foreground
file1.wav,8540.26,8540.29,background
file1.wav,8540.29,8594.85,foreground
file1.wav,8594.85,8594.9,background
file1.wav,8594.9,8627.51,foreground
file1.wav,8627.51,8627.55,background
file1.wav,8627.55,8627.87,foreground
file1.wav,8627.87,8627.92,background
file1.wav,8627.92,8628.01,foreground
file1.wav,8628.01,8628.09,background
file1.wav,8628.09,8635.66,foreground
file1.wav,8635.66,8635.69,background
file1.wav,8635.69,8637.19,foreground
file1.wav,8637.19,8637.26,background
file1.wav,8637.26,8637.43,foreground
file1.wav,8637.43,8637.51,background
file1.wav,8637.51,8637.67,foreground
file1.wav,8637.67,8637.73,background
file1.wav,8637.73,8638.55,foreground
file1.wav,8638.55,8638.74,background
file1.wav,8638.74,8639.24,foreground
file1.wav,8639.24,8639.32,background
file1.wav,8639.32,8639.33,foreground
file1.wav,8639.33,8639.35,background
file1.wav,8639.35,8643.73,foreground
file1.wav,8643.73,8643.76,background
file1.wav,8643.76,8651.16,foreground
file1.wav,8651.16,8651.23,background
file1.wav,8651.23,8651.27,foreground
file1.wav,8651.27,8651.35,background
file1.wav,8651.35,8651.44,foreground
file1.wav,8651.44,8651.51,background
file1.wav,8651.51,8657.58,foreground
file1.wav,8657.58,8657.62,background
file1.wav,8657.62,8657.83,foreground
file1.wav,8657.83,8657.9,background
file1.wav,8657.9,8657.99,foreground
file1.wav,8657.99,8658.15,background
file1.wav,8658.15,8659.37,foreground
file1.wav,8659.37,8659.41,background
file1.wav,8659.41,8659.79,foreground
file1.wav,8659.79,8659.81,background
file1.wav,8659.81,8664.44,foreground
file1.wav,8664.44,8664.48,background
file1.wav,8664.48,8665.78,foreground
file1.wav,8665.78,8665.89,background
file1.wav,8665.89,8666.92,foreground
file1.wav,8666.92,8667.1,background
file1.wav,8667.1,8682.83,foreground
file1.wav,8682.83,8682.87,background
file1.wav,8682.87,8692.32,foreground
file1.wav,8692.32,8692.34,background
file1.wav,8692.34,8713.44,foreground
file1.wav,8713.44,8713.46,background
file1.wav,8713.46,8717.46,foreground
file1.wav,8717.46,8717.5,background
file1.wav,8717.5,8724.17,foreground
file1.wav,8724.17,8724.24,background
file1.wav,8724.24,8724.36,foreground
file1.wav,8724.36,8724.39,background
file1.wav,8724.39,8725.73,foreground
file1.wav,8725.73,8725.74,background
file1.wav,8725.74,8725.76,foreground
file1.wav,8725.76,8725.83,background
file1.wav,8725.83,8726.77,foreground
file1.wav,8726.77,8726.81,background
file1.wav,8726.81,8727.37,foreground
file1.wav,8727.37,8727.49,background
file1.wav,8727.49,8738.88,foreground
file1.wav,8738.88,8738.91,background
file1.wav,8738.91,8742.1,foreground
file1.wav,8742.1,8742.14,background
file1.wav,8742.14,8743.01,foreground
file1.wav,8743.01,8743.02,background
file1.wav,8743.02,8743.93,foreground
file1.wav,8743.93,8744.08,background
file1.wav,8744.08,8744.19,foreground
file1.wav,8744.19,8744.29,background
file1.wav,8744.29,8745.53,foreground
file1.wav,8745.53,8745.54,background
file1.wav,8745.54,8746.68,foreground
file1.wav,8746.68,8746.71,background
file1.wav,8746.71,8772.71,foreground
file1.wav,8772.71,8772.76,background
file1.wav,8772.76,8776.26,foreground
file1.wav,8776.26,8776.29,background
file1.wav,8776.29,8776.68,foreground
file1.wav,8776.68,8776.69,background
file1.wav,8776.69,8780.58,foreground
file1.wav,8780.58,8780.65,background
file1.wav,8780.65,8871.03,foreground
file1.wav,8871.03,8871.04,background
file1.wav,8871.04,8889.07,foreground
file1.wav,8889.07,8889.12,background
file1.wav,8889.12,8891.48,foreground
file1.wav,8891.48,8891.53,background
file1.wav,8891.53,8892.23,foreground
file1.wav,8892.23,8892.26,background
file1.wav,8892.26,8897.61,foreground
file1.wav,8897.61,8897.65,background
file1.wav,8897.65,8926.49,foreground
file1.wav,8926.49,8926.53,background
file1.wav,8926.53,8941.49,foreground
file1.wav,8941.49,8941.53,background
file1.wav,8941.53,8946.28,foreground
file1.wav,8946.28,8946.33,background
file1.wav,8946.33,8947.04,foreground
file1.wav,8947.04,8947.08,background
file1.wav,8947.08,8947.42,foreground
file1.wav,8947.42,8947.48,background
file1.wav,8947.48,8959.98,foreground
file1.wav,8959.98,8960.05,background
file1.wav,8960.05,8963.37,foreground
file1.wav,8963.37,8963.39,background
file1.wav,8963.39,8963.43,foreground
file1.wav,8963.43,8963.47,background
file1.wav,8963.47,8963.58,foreground
file1.wav,8963.58,8963.6,background
file1.wav,8963.6,8989.9,foreground
file1.wav,8989.9,8989.93,background
file1.wav,8989.93,8989.99,foreground
file1.wav,8989.99,8990.01,background
file1.wav,8990.01,8998.69,foreground
file1.wav,8998.69,8998.74,background
file1.wav,8998.74,8998.81,foreground
file1.wav,8998.81,8998.89,background
file1.wav,8998.89,8999.01,foreground
file1.wav,8999.01,8999.03,background
file1.wav,8999.03,8999.63,foreground
file1.wav,8999.63,8999.68,background
file1.wav,8999.68,8999.8,foreground
file1.wav,8999.8,8999.87,background
file1.wav,8999.87,8999.92,foreground
file1.wav,8999.92,8999.96,background
file1.wav,8999.96,9001.69,foreground
file1.wav,9001.69,9001.7,background
file1.wav,9001.7,9001.78,foreground
file1.wav,9001.78,9001.91,background
file1.wav,9001.91,9007.07,foreground
file1.wav,9007.07,9007.14,background
file1.wav,9007.14,9007.42,foreground
file1.wav,9007.42,9007.45,background
file1.wav,9007.45,9014.67,foreground
file1.wav,9014.67,9014.72,background
file1.wav,9014.72,9014.78,foreground
file1.wav,9014.78,9014.93,background
file1.wav,9014.93,9014.96,foreground
file1.wav,9014.96,9015.01,background
file1.wav,9015.01,9015.05,foreground
file1.wav,9015.05,9015.09,background
file1.wav,9015.09,9017.11,foreground
file1.wav,9017.11,9017.15,background
file1.wav,9017.15,9017.54,foreground
file1.wav,9017.54,9017.55,background
file1.wav,9017.55,9017.56,foreground
file1.wav,9017.56,9017.59,background
file1.wav,9017.59,9017.6,foreground
file1.wav,9017.6,9017.63,background
file1.wav,9017.63,9024.76,foreground
file1.wav,9024.76,9024.78,background
file1.wav,9024.78,9024.84,foreground
file1.wav,9024.84,9024.97,background
file1.wav,9024.97,9027.62,foreground
file1.wav,9027.62,9027.64,background
file1.wav,9027.64,9027.74,foreground
file1.wav,9027.74,9028.06,background
file1.wav,9028.06,9028.15,foreground
file1.wav,9028.15,9028.16,background
file1.wav,9028.16,9030.48,foreground
file1.wav,9030.48,9030.6,background
file1.wav,9030.6,9030.93,foreground
file1.wav,9030.93,9030.97,background
file1.wav,9030.97,9031.53,foreground
file1.wav,9031.53,9031.56,background
file1.wav,9031.56,9032.39,foreground
file1.wav,9032.39,9032.43,background
file1.wav,9032.43,9042.62,foreground
file1.wav,9042.62,9042.64,background
file1.wav,9042.64,9043.06,foreground
file1.wav,9043.06,9043.07,background
file1.wav,9043.07,9045.06,foreground
file1.wav,9045.06,9045.16,background
file1.wav,9045.16,9045.55,foreground
file1.wav,9045.55,9045.58,background
file1.wav,9045.58,9048.1,foreground
file1.wav,9048.1,9048.17,background
file1.wav,9048.17,9050.85,foreground
file1.wav,9050.85,9050.9,background
file1.wav,9050.9,9051.14,foreground
file1.wav,9051.14,9051.18,background
file1.wav,9051.18,9051.25,foreground
file1.wav,9051.25,9051.27,background
file1.wav,9051.27,9074.75,foreground
file1.wav,9074.75,9074.81,background
file1.wav,9074.81,9075.6,foreground
file1.wav,9075.6,9075.65,background
file1.wav,9075.65,9079.97,foreground
file1.wav,9079.97,9080.03,background
file1.wav,9080.03,9101.36,foreground
file1.wav,9101.36,9101.38,background
file1.wav,9101.38,9101.4,foreground
file1.wav,9101.4,9101.41,background
file1.wav,9101.41,9111.16,foreground
file1.wav,9111.16,9111.19,background
file1.wav,9111.19,9135.27,foreground
file1.wav,9135.27,9135.31,background
file1.wav,9135.31,9136.23,foreground
file1.wav,9136.23,9136.27,background
file1.wav,9136.27,9154.0,foreground
file1.wav,9154.0,9154.08,background
file1.wav,9154.08,9218.27,foreground
file1.wav,9218.27,9218.3,background
file1.wav,9218.3,9220.59,foreground
file1.wav,9220.59,9220.66,background
file1.wav,9220.66,9247.92,foreground
file1.wav,9247.92,9247.99,background
file1.wav,9247.99,9260.71,foreground
file1.wav,9260.71,9260.74,background
file1.wav,9260.74,9260.75,foreground
file1.wav,9260.75,9260.85,background
file1.wav,9260.85,9260.89,foreground
file1.wav,9260.89,9260.94,background
file1.wav,9260.94,9261.16,foreground
file1.wav,9261.16,9261.24,background
file1.wav,9261.24,9311.79,foreground
file1.wav,9311.79,9311.82,background
file1.wav,9311.82,9312.33,foreground
file1.wav,9312.33,9312.48,background
file1.wav,9312.48,9331.2,foreground
file1.wav,9331.2,9331.22,background
file1.wav,9331.22,9355.46,foreground
file1.wav,9355.46,9355.49,background
file1.wav,9355.49,9355.75,foreground
file1.wav,9355.75,9355.81,background
file1.wav,9355.81,9355.84,foreground
file1.wav,9355.84,9355.88,background
file1.wav,9355.88,9359.78,foreground
file1.wav,9359.78,9359.86,background
file1.wav,9359.86,9380.83,foreground
file1.wav,9380.83,9380.86,background
file1.wav,9380.86,9402.68,foreground
file1.wav,9402.68,9402.71,background
file1.wav,9402.71,9405.02,foreground
file1.wav,9405.02,9405.07,background
file1.wav,9405.07,9411.85,foreground
file1.wav,9411.85,9411.96,background
file1.wav,9411.96,9412.99,foreground
file1.wav,9412.99,9413.04,background
file1.wav,9413.04,9423.49,foreground
file1.wav,9423.49,9423.54,background
file1.wav,9423.54,9423.7,foreground
file1.wav,9423.7,9423.85,background
file1.wav,9423.85,9423.91,foreground
file1.wav,9423.91,9423.96,background
file1.wav,9423.96,9423.98,foreground
file1.wav,9423.98,9424.07,background
file1.wav,9424.07,9424.25,foreground
file1.wav,9424.25,9424.3,background
file1.wav,9424.3,9424.64,foreground
file1.wav,9424.64,9424.69,background
file1.wav,9424.69,9425.7,foreground
file1.wav,9425.7,9425.74,background
file1.wav,9425.74,9427.64,foreground
file1.wav,9427.64,9427.71,background
file1.wav,9427.71,9429.0,foreground
file1.wav,9429.0,9429.05,background
file1.wav,9429.05,9452.98,foreground
file1.wav,9452.98,9453.02,background
file1.wav,9453.02,9462.7,foreground
file1.wav,9462.7,9462.72,background
file1.wav,9462.72,9467.5,foreground
file1.wav,9467.5,9467.54,background
file1.wav,9467.54,9473.65,foreground
file1.wav,9473.65,9473.7,background
file1.wav,9473.7,9476.98,foreground
file1.wav,9476.98,9477.16,background
file1.wav,9477.16,9479.5,foreground
file1.wav,9479.5,9479.53,background
file1.wav,9479.53,9480.28,foreground
file1.wav,9480.28,9480.3,background
file1.wav,9480.3,9492.74,foreground
file1.wav,9492.74,9492.83,background
file1.wav,9492.83,9492.99,foreground
file1.wav,9492.99,9493.06,background
file1.wav,9493.06,9503.09,foreground
file1.wav,9503.09,9503.13,background
file1.wav,9503.13,9536.13,foreground
file1.wav,9536.13,9536.14,background
file1.wav,9536.14,9543.35,foreground
file1.wav,9543.35,9543.4,background
file1.wav,9543.4,9544.16,foreground
